UserName,Email,FlightOrigin,FlightDestination
Robert De Niro,RobertDeNiro@ryanair.com,MST,LUX
Jack Nicholson,JackNicholson@ryanair.com,MCP,MQM
Marlon Brando,MarlonBrando@ryanair.com,MFM,MWD
Denzel Washington,DenzelWashington@ryanair.com,MCZ,MAZ
Katharine Hepburn,KatharineHepburn@ryanair.com,MKY,KNO
Humphrey Bogart,HumphreyBogart@ryanair.com,MCN,MFR
Meryl Streep,MerylStreep@ryanair.com,NOP,MJC
Daniel Day-Lewis,DanielDay-Lewis@ryanair.com,MED,MEE
Sidney Poitier,SidneyPoitier@ryanair.com,MSN,MLX
Clark Gable,ClarkGable@ryanair.com,MAA,MTH
Ingrid Bergman,IngridBergman@ryanair.com,MAD,MEM
Tom Hanks,TomHanks@ryanair.com,SEZ,MBX
Elizabeth Taylor,ElizabethTaylor@ryanair.com,MAH,MFM
Bette Davis,BetteDavis@ryanair.com,MTL,MLE
Gregory Peck,GregoryPeck@ryanair.com,MJN,MTM
Leonardo DiCaprio,LeonardoDiCaprio@ryanair.com,MZG,MZG
Cate Blanchett,CateBlanchett@ryanair.com,SSG,MCN
Audrey Hepburn,AudreyHepburn@ryanair.com,AGP,MZM
Spencer Tracy,SpencerTracy@ryanair.com,MLX,MAD
Kate Winslet,KateWinslet@ryanair.com,MLE,MTL
Shah Rukh Khan,ShahRukhKhan@ryanair.com,MYD,MSU
Viola Davis,ViolaDavis@ryanair.com,MMA,MEX
Sophia Loren,SophiaLoren@ryanair.com,MMX,AZP
Cary Grant,CaryGrant@ryanair.com,MAN,MJN
Vivien Leigh,VivienLeigh@ryanair.com,MJC,MST
Marilyn Monroe,MarilynMonroe@ryanair.com,MGA,MAU
Laurence Olivier,LaurenceOlivier@ryanair.com,MAO,MUB
James Stewart,JamesStewart@ryanair.com,MAN,MVZ
Steve McQueen,SteveMcQueen@ryanair.com,MHT,MIA
Halle Berry,HalleBerry@ryanair.com,MDL,MGH
Julia Roberts,JuliaRoberts@ryanair.com,MFO,MRB
Bruce Lee,BruceLee@ryanair.com,XMH,MVY
Jodie Foster,JodieFoster@ryanair.com,MNL,MLB
Judy Garland,JudyGarland@ryanair.com,ZLO,MAF
Henry Fonda,HenryFonda@ryanair.com,MTS,MFQ
Morgan Freeman,MorganFreeman@ryanair.com,MPM,MEI
Catherine Deneuve,CatherineDeneuve@ryanair.com,MDQ,MIM
Grace Kelly,GraceKelly@ryanair.com,MAR,MTO
Helen Mirren,HelenMirren@ryanair.com,MFQ,MMJ
James Cagney,JamesCagney@ryanair.com,KCM,MDL
Angela Bassett,AngelaBassett@ryanair.com,MTH,MVR
Johnny Depp,JohnnyDepp@ryanair.com,MQM,RAK
Greta Garbo,GretaGarbo@ryanair.com,MEE,MRS
Olivia de Havilland,OliviadeHavilland@ryanair.com,MGH,MZT
Charles Chaplin,CharlesChaplin@ryanair.com,PMV,MPM
Setsuko Hara,SetsukoHara@ryanair.com,MBX,MID
Julie Andrews,JulieAndrews@ryanair.com,MHQ,MED
Montgomery Clift,MontgomeryClift@ryanair.com,MVR,ETZ
Isabelle Huppert,IsabelleHuppert@ryanair.com,MQT,AGP
Al Pacino,AlPacino@ryanair.com,RAK,SEZ
Kirk Douglas,KirkDouglas@ryanair.com,RMF,MYJ
Marcello Mastroianni,MarcelloMastroianni@ryanair.com,MUH,MED
Gene Kelly,GeneKelly@ryanair.com,MRS,MMX
James Dean,JamesDean@ryanair.com,MHH,XMH
Will Smith,WillSmith@ryanair.com,MVY,MXL
Toshiro Mifune,ToshiroMifune@ryanair.com,MRB,MAO
John Wayne,JohnWayne@ryanair.com,MBH,MDC
Mohanlal,Mohanlal@ryanair.com,MSU,MKY
Harrison Ford,HarrisonFord@ryanair.com,MCW,ZLO
Gary Cooper,GaryCooper@ryanair.com,MVZ,MDY
Gerard Depardieu,GerardDepardieu@ryanair.com,MMJ,NLU
Forest Whitaker,ForestWhitaker@ryanair.com,MYJ,MHH
Dustin Hoffman,DustinHoffman@ryanair.com,MTO,MSN
Charlton Heston,CharltonHeston@ryanair.com,MUB,MNL
Tom Cruise,TomCruise@ryanair.com,MAU,MES
Paul Newman,PaulNewman@ryanair.com,MRU,MRU
Samuel L. Jackson,SamuelL.Jackson@ryanair.com,MAZ,SSG
Peter O'Toole,PeterO'Toole@ryanair.com,MZT,MFU
Robin Williams,RobinWilliams@ryanair.com,MFE,MHQ
Don Cheadle,DonCheadle@ryanair.com,MES,MAH
Antonio Banderas,AntonioBanderas@ryanair.com,KNO,MYD
Eddie Murphy,EddieMurphy@ryanair.com,MDE,MMA
Anthony Hopkins,AnthonyHopkins@ryanair.com,MFR,MQT
Omar Sharif,OmarSharif@ryanair.com,MED,MAA
Heath Ledger,HeathLedger@ryanair.com,MKR,PMV
Diane Keaton,DianeKeaton@ryanair.com,MEL,MAN
Rita Hayworth,RitaHayworth@ryanair.com,MLB,KCM
Natalie Wood,NatalieWood@ryanair.com,DOM,MBH
Joan Crawford,JoanCrawford@ryanair.com,MEM,MDE
Susan Sarandon,SusanSarandon@ryanair.com,MDZ,MCP
Glenn Close,GlennClose@ryanair.com,MDC,MFO
Joan Fontaine,JoanFontaine@ryanair.com,MCE,MKR
Julianne Moore,JulianneMoore@ryanair.com,MID,MHT
Regina King,ReginaKing@ryanair.com,MEI,MEZ
Angelina Jolie,AngelinaJolie@ryanair.com,MIM,MMM
Jane Fonda,JaneFonda@ryanair.com,MEZ,MDZ
Liv Ullmann,LivUllmann@ryanair.com,MTM,NOP
Natalie Portman,NataliePortman@ryanair.com,MZM,MFE
Sandra Bullock,SandraBullock@ryanair.com,ETZ,MGA
Deborah Kerr,DeborahKerr@ryanair.com,MXL,MAR
Emma Thompson,EmmaThompson@ryanair.com,MEX,MCW
Michelle Pfeiffer,MichellePfeiffer@ryanair.com,AZP,MEL
Faye Dunaway,FayeDunaway@ryanair.com,MEX,MUH
Penelope Cruz,PenelopeCruz@ryanair.com,NLU,DOM
Nicole Kidman,NicoleKidman@ryanair.com,MFU,MCZ
Salma Hayek,SalmaHayek@ryanair.com,MIA,MEX
Sigourney Weaver,SigourneyWeaver@ryanair.com,MWD,RMF
Kathy Bates,KathyBates@ryanair.com,MMM,MCE
Lucy Liu,LucyLiu@ryanair.com,MAF,MTS
Amy Adams,AmyAdams@ryanair.com,MDY,MDQ
